method,f_stat,p_value,groups
DBSCAN,3.645725350982738,0.05631731337236982,2
KMeans,8.63413328308126,0.003326082982596688,2
